account_id,account_type,created_date,city
ACC0001,Current,2021-05-08,Chennai
ACC0002,Savings,2026-06-03,Pune
ACC0003,Wallet,2021-06-22,Chennai
ACC0004,Wallet,2024-05-30,Delhi
ACC0005,Wallet,2023-12-01,Pune
ACC0006,Savings,2026-05-09,Chennai
ACC0007,Savings,2022-01-03,Chennai
ACC0008,Savings,2024-05-08,Pune
ACC0009,Savings,2025-06-19,Kochi
ACC0010,Current,2022-11-30,Pune
ACC0011,Current,2024-11-16,Mumbai
ACC0012,Wallet,2024-02-14,Delhi
ACC0013,Wallet,2021-04-27,Kolkata
ACC0014,Wallet,2025-12-18,Bengaluru
ACC0015,Current,2021-07-05,Hyderabad
ACC0016,Wallet,2025-03-09,Kochi
ACC0017,Wallet,2024-05-15,Pune
ACC0018,Savings,2023-01-03,Mumbai
ACC0019,Savings,2025-07-11,Mumbai
ACC0020,Current,2021-12-14,Hyderabad
ACC0021,Wallet,2023-12-04,Kolkata
ACC0022,Savings,2022-10-27,Chennai
ACC0023,Current,2023-11-22,Hyderabad
ACC0024,Wallet,2026-03-19,Bengaluru
ACC0025,Savings,2024-11-22,Delhi
ACC0026,Wallet,2024-12-02,Hyderabad
ACC0027,Wallet,2021-03-23,Pune
ACC0028,Wallet,2024-12-09,Kochi
ACC0029,Wallet,2021-10-17,Bengaluru
ACC0030,Wallet,2025-09-27,Pune
ACC0031,Current,2026-01-14,Hyderabad
ACC0032,Savings,2021-03-18,Delhi
ACC0033,Current,2024-01-29,Kochi
ACC0034,Wallet,2022-09-24,Kolkata
ACC0035,Savings,2024-07-23,Bengaluru
ACC0036,Savings,2022-07-18,Delhi
ACC0037,Current,2022-07-15,Hyderabad
ACC0038,Savings,2024-12-05,Bengaluru
ACC0039,Wallet,2023-05-26,Hyderabad
ACC0040,Savings,2026-06-21,Kochi
ACC0041,Wallet,2026-04-06,Hyderabad
ACC0042,Wallet,2023-07-31,Bengaluru
ACC0043,Wallet,2025-09-10,Pune
ACC0044,Wallet,2024-12-29,Kolkata
ACC0045,Current,2022-03-06,Bengaluru
ACC0046,Wallet,2025-02-08,Mumbai
ACC0047,Savings,2022-09-22,Hyderabad
ACC0048,Savings,2021-08-22,Kolkata
ACC0049,Savings,2022-05-17,Kolkata
ACC0050,Current,2025-09-07,Pune
ACC0051,Savings,2026-01-02,Hyderabad
ACC0052,Savings,2022-04-19,Bengaluru
ACC0053,Wallet,2025-07-24,Kolkata
ACC0054,Current,2025-07-26,Chennai
ACC0055,Wallet,2026-05-17,Pune
ACC0056,Wallet,2022-09-24,Delhi
ACC0057,Current,2023-07-05,Delhi
ACC0058,Wallet,2025-03-23,Hyderabad
ACC0059,Savings,2026-03-29,Kolkata
ACC0060,Current,2026-02-08,Kolkata
ACC0061,Savings,2023-03-01,Mumbai
ACC0062,Savings,2021-09-26,Mumbai
ACC0063,Savings,2026-06-06,Mumbai
ACC0064,Savings,2021-05-11,Chennai
ACC0065,Current,2021-09-17,Hyderabad
ACC0066,Wallet,2021-07-10,Kolkata
ACC0067,Current,2025-09-10,Delhi
ACC0068,Wallet,2023-03-04,Kolkata
ACC0069,Wallet,2024-09-08,Pune
ACC0070,Current,2023-10-24,Kolkata
ACC0071,Wallet,2024-12-19,Kolkata
ACC0072,Savings,2026-01-31,Kolkata
ACC0073,Savings,2022-06-05,Kochi
ACC0074,Savings,2023-10-19,Pune
ACC0075,Savings,2023-12-07,Kochi
ACC0076,Current,2023-08-18,Kochi
ACC0077,Savings,2022-06-24,Kolkata
ACC0078,Savings,2023-11-25,Hyderabad
ACC0079,Savings,2023-02-01,Kochi
ACC0080,Savings,2023-01-31,Chennai
ACC0081,Savings,2024-05-21,Delhi
ACC0082,Wallet,2024-06-09,Hyderabad
ACC0083,Savings,2021-12-30,Hyderabad
ACC0084,Current,2025-02-08,Kochi
ACC0085,Savings,2023-12-31,Kochi
ACC0086,Current,2023-06-11,Bengaluru
ACC0087,Savings,2022-08-26,Kochi
ACC0088,Savings,2024-04-21,Mumbai
ACC0089,Current,2024-04-12,Kochi
ACC0090,Savings,2021-12-31,Hyderabad
ACC0091,Wallet,2021-09-11,Bengaluru
ACC0092,Wallet,2021-03-26,Chennai
ACC0093,Wallet,2022-06-27,Bengaluru
ACC0094,Savings,2024-06-07,Chennai
ACC0095,Wallet,2021-12-30,Mumbai
ACC0096,Savings,2026-06-02,Chennai
ACC0097,Savings,2025-02-01,Delhi
ACC0098,Wallet,2021-11-12,Kochi
ACC0099,Wallet,2023-06-06,Mumbai
ACC0100,Savings,2023-11-16,Bengaluru
ACC0101,Wallet,2026-02-07,Delhi
ACC0102,Savings,2023-07-07,Bengaluru
ACC0103,Savings,2021-12-25,Chennai
ACC0104,Savings,2024-12-21,Pune
ACC0105,Savings,2023-01-07,Chennai
ACC0106,Current,2022-07-03,Chennai
ACC0107,Current,2025-05-02,Pune
ACC0108,Wallet,2024-10-02,Delhi
ACC0109,Wallet,2022-06-27,Kochi
ACC0110,Current,2021-12-01,Delhi
ACC0111,Savings,2021-07-01,Kolkata
ACC0112,Savings,2021-09-09,Delhi
ACC0113,Current,2023-12-16,Delhi
ACC0114,Savings,2022-02-24,Pune
ACC0115,Savings,2026-01-22,Chennai
ACC0116,Savings,2025-12-20,Mumbai
ACC0117,Savings,2025-04-09,Kolkata
ACC0118,Current,2022-05-05,Delhi
ACC0119,Savings,2022-05-28,Pune
ACC0120,Savings,2026-03-27,Mumbai
ACC0121,Wallet,2025-02-03,Delhi
ACC0122,Current,2023-01-23,Bengaluru
ACC0123,Current,2025-07-25,Kochi
ACC0124,Wallet,2021-12-18,Kolkata
ACC0125,Wallet,2025-05-13,Kochi
ACC0126,Current,2024-11-12,Chennai
ACC0127,Wallet,2023-07-31,Delhi
ACC0128,Current,2024-02-27,Bengaluru
ACC0129,Current,2024-06-01,Hyderabad
ACC0130,Current,2024-03-09,Kolkata
ACC0131,Savings,2024-10-28,Pune
ACC0132,Savings,2023-02-14,Pune
ACC0133,Current,2021-03-29,Kolkata
ACC0134,Savings,2025-05-15,Hyderabad
ACC0135,Current,2022-06-13,Mumbai
ACC0136,Savings,2024-08-01,Kochi
ACC0137,Wallet,2023-01-15,Mumbai
ACC0138,Savings,2023-05-04,Bengaluru
ACC0139,Wallet,2022-07-01,Chennai
ACC0140,Wallet,2021-08-17,Hyderabad
ACC0141,Savings,2025-07-12,Kolkata
ACC0142,Wallet,2021-10-24,Kochi
ACC0143,Savings,2024-01-29,Kolkata
ACC0144,Savings,2023-07-10,Kolkata
ACC0145,Current,2022-09-01,Hyderabad
ACC0146,Savings,2023-05-10,Mumbai
ACC0147,Current,2022-07-15,Kolkata
ACC0148,Savings,2023-09-14,Bengaluru
ACC0149,Savings,2023-05-24,Delhi
ACC0150,Current,2025-05-31,Bengaluru
ACC0151,Current,2024-07-02,Hyderabad
ACC0152,Savings,2025-12-21,Mumbai
ACC0153,Wallet,2024-12-06,Hyderabad
ACC0154,Wallet,2023-07-02,Mumbai
ACC0155,Wallet,2021-11-01,Delhi
ACC0156,Wallet,2025-03-12,Bengaluru
ACC0157,Savings,2022-09-02,Delhi
ACC0158,Wallet,2024-08-01,Kochi
ACC0159,Current,2025-09-03,Kolkata
ACC0160,Savings,2022-11-25,Mumbai
ACC0161,Savings,2022-03-24,Hyderabad
ACC0162,Savings,2025-12-20,Mumbai
ACC0163,Savings,2023-09-26,Mumbai
ACC0164,Current,2021-11-06,Kochi
ACC0165,Savings,2022-12-31,Delhi
ACC0166,Wallet,2022-09-07,Pune
ACC0167,Savings,2023-07-19,Bengaluru
ACC0168,Wallet,2021-08-30,Kochi
ACC0169,Current,2021-12-24,Pune
ACC0170,Current,2025-10-04,Delhi
ACC0171,Savings,2025-11-14,Delhi
ACC0172,Savings,2022-01-21,Pune
ACC0173,Wallet,2024-07-27,Pune
ACC0174,Wallet,2025-05-17,Mumbai
ACC0175,Wallet,2021-04-17,Bengaluru
ACC0176,Wallet,2023-03-16,Mumbai
ACC0177,Current,2026-03-18,Mumbai
ACC0178,Savings,2022-01-17,Kochi
ACC0179,Current,2022-03-25,Mumbai
ACC0180,Savings,2022-07-10,Hyderabad
ACC0181,Wallet,2023-11-27,Kolkata
ACC0182,Current,2024-02-28,Bengaluru
ACC0183,Savings,2021-10-13,Bengaluru
ACC0184,Current,2026-02-19,Mumbai
ACC0185,Savings,2025-09-30,Bengaluru
ACC0186,Wallet,2021-09-29,Hyderabad
ACC0187,Savings,2022-02-11,Chennai
ACC0188,Wallet,2022-11-09,Delhi
ACC0189,Current,2026-04-04,Pune
ACC0190,Current,2023-04-22,Kochi
ACC0191,Wallet,2021-06-12,Hyderabad
ACC0192,Wallet,2023-10-28,Bengaluru
ACC0193,Savings,2021-12-13,Mumbai
ACC0194,Wallet,2022-01-31,Mumbai
ACC0195,Savings,2024-08-06,Mumbai
ACC0196,Savings,2022-10-04,Mumbai
ACC0197,Wallet,2022-04-23,Pune
ACC0198,Savings,2023-06-16,Pune
ACC0199,Savings,2022-06-09,Hyderabad
ACC0200,Savings,2025-12-28,Bengaluru
ACC0201,Wallet,2021-08-14,Delhi
ACC0202,Savings,2022-02-08,Pune
ACC0203,Wallet,2023-12-07,Mumbai
ACC0204,Current,2022-07-25,Chennai
ACC0205,Savings,2022-01-25,Delhi
ACC0206,Savings,2026-02-18,Chennai
ACC0207,Savings,2021-03-17,Bengaluru
ACC0208,Savings,2023-01-25,Hyderabad
ACC0209,Current,2025-06-14,Bengaluru
ACC0210,Wallet,2021-03-26,Kochi
ACC0211,Savings,2021-11-27,Hyderabad
ACC0212,Savings,2021-04-13,Kolkata
ACC0213,Current,2021-05-26,Kochi
ACC0214,Savings,2022-11-07,Pune
ACC0215,Wallet,2024-05-07,Chennai
ACC0216,Wallet,2023-06-26,Chennai
ACC0217,Savings,2021-07-31,Mumbai
ACC0218,Savings,2023-12-31,Bengaluru
ACC0219,Wallet,2022-05-03,Pune
ACC0220,Current,2023-03-20,Mumbai
ACC0221,Savings,2025-02-05,Kolkata
ACC0222,Wallet,2022-08-20,Delhi
ACC0223,Wallet,2025-08-02,Kochi
ACC0224,Current,2024-04-10,Bengaluru
ACC0225,Savings,2022-12-31,Bengaluru
ACC0226,Savings,2024-07-29,Mumbai
ACC0227,Savings,2026-02-06,Mumbai
ACC0228,Current,2023-03-01,Delhi
ACC0229,Savings,2024-12-13,Delhi
ACC0230,Savings,2021-02-09,Mumbai
ACC0231,Current,2024-11-10,Mumbai
ACC0232,Savings,2022-09-25,Hyderabad
ACC0233,Wallet,2025-07-26,Chennai
ACC0234,Wallet,2025-09-08,Chennai
ACC0235,Current,2022-10-17,Delhi
ACC0236,Current,2026-01-05,Kochi
ACC0237,Current,2025-01-01,Hyderabad
ACC0238,Wallet,2021-10-25,Bengaluru
ACC0239,Wallet,2023-08-03,Delhi
ACC0240,Current,2022-05-11,Hyderabad
ACC0241,Current,2025-08-13,Pune
ACC0242,Wallet,2023-08-30,Kolkata
ACC0243,Current,2025-03-28,Bengaluru
ACC0244,Savings,2024-10-16,Delhi
ACC0245,Savings,2024-08-09,Bengaluru
ACC0246,Savings,2026-02-26,Hyderabad
ACC0247,Savings,2023-10-09,Mumbai
ACC0248,Savings,2024-06-21,Delhi
ACC0249,Current,2023-04-09,Chennai
ACC0250,Current,2025-04-25,Hyderabad
ACC0251,Wallet,2023-02-20,Delhi
ACC0252,Wallet,2021-03-22,Hyderabad
ACC0253,Current,2023-10-02,Kochi
ACC0254,Current,2025-07-14,Chennai
ACC0255,Savings,2022-08-28,Hyderabad
ACC0256,Savings,2025-05-19,Kochi
ACC0257,Savings,2023-01-12,Bengaluru
ACC0258,Savings,2023-05-01,Chennai
ACC0259,Savings,2021-07-18,Kochi
ACC0260,Savings,2025-12-01,Bengaluru
ACC0261,Wallet,2023-08-27,Kochi
ACC0262,Savings,2022-10-02,Bengaluru
ACC0263,Savings,2025-05-24,Mumbai
ACC0264,Wallet,2021-11-07,Kochi
ACC0265,Savings,2021-06-21,Hyderabad
ACC0266,Savings,2021-07-30,Kolkata
ACC0267,Savings,2023-05-19,Chennai
ACC0268,Current,2022-03-16,Hyderabad
ACC0269,Wallet,2021-10-28,Hyderabad
ACC0270,Savings,2022-03-05,Pune
ACC0271,Current,2021-09-29,Delhi
ACC0272,Savings,2023-08-31,Bengaluru
ACC0273,Current,2023-05-30,Mumbai
ACC0274,Savings,2025-10-07,Delhi
ACC0275,Wallet,2021-04-28,Chennai
ACC0276,Current,2023-06-26,Hyderabad
ACC0277,Savings,2021-11-10,Kolkata
ACC0278,Wallet,2026-05-16,Pune
ACC0279,Wallet,2025-01-13,Delhi
ACC0280,Savings,2024-10-07,Delhi
ACC0281,Savings,2025-05-28,Kolkata
ACC0282,Wallet,2024-04-17,Pune
ACC0283,Current,2025-01-16,Bengaluru
ACC0284,Savings,2024-11-28,Mumbai
ACC0285,Savings,2023-04-09,Kolkata
ACC0286,Wallet,2024-04-30,Kochi
ACC0287,Wallet,2024-03-31,Pune
ACC0288,Current,2025-11-10,Bengaluru
ACC0289,Wallet,2023-11-11,Kochi
ACC0290,Savings,2024-03-01,Delhi
ACC0291,Savings,2022-11-28,Bengaluru
ACC0292,Wallet,2022-02-06,Delhi
ACC0293,Current,2026-04-12,Pune
ACC0294,Current,2021-03-23,Kolkata
ACC0295,Wallet,2021-12-19,Kochi
ACC0296,Savings,2023-12-29,Pune
ACC0297,Savings,2023-03-05,Delhi
ACC0298,Savings,2023-03-10,Kolkata
ACC0299,Current,2025-07-05,Chennai
ACC0300,Savings,2023-11-24,Kochi
ACC0301,Current,2025-01-01,Kolkata
ACC0302,Current,2026-05-22,Delhi
ACC0303,Savings,2022-01-23,Bengaluru
ACC0304,Savings,2021-12-12,Pune
ACC0305,Savings,2024-02-24,Chennai
ACC0306,Current,2025-12-11,Hyderabad
ACC0307,Current,2023-04-04,Delhi
ACC0308,Savings,2026-04-23,Hyderabad
ACC0309,Savings,2022-05-09,Kolkata
ACC0310,Wallet,2025-03-19,Delhi
ACC0311,Current,2025-04-01,Pune
ACC0312,Savings,2023-03-12,Delhi
ACC0313,Savings,2023-08-09,Pune
ACC0314,Savings,2023-06-06,Kolkata
ACC0315,Current,2025-04-02,Hyderabad
ACC0316,Current,2021-09-15,Hyderabad
ACC0317,Savings,2021-07-07,Bengaluru
ACC0318,Current,2025-09-05,Pune
ACC0319,Wallet,2024-12-17,Mumbai
ACC0320,Current,2024-05-15,Kochi
ACC0321,Current,2021-08-01,Mumbai
ACC0322,Savings,2023-06-15,Mumbai
ACC0323,Current,2024-05-02,Pune
ACC0324,Savings,2024-08-31,Bengaluru
ACC0325,Current,2022-11-03,Hyderabad
ACC0326,Savings,2022-05-29,Hyderabad
ACC0327,Savings,2023-02-16,Kochi
ACC0328,Savings,2021-02-12,Bengaluru
ACC0329,Current,2024-05-17,Kochi
ACC0330,Wallet,2023-06-17,Hyderabad
ACC0331,Savings,2025-05-12,Kochi
ACC0332,Savings,2024-12-26,Mumbai
ACC0333,Wallet,2023-05-02,Chennai
ACC0334,Wallet,2025-06-11,Hyderabad
ACC0335,Wallet,2025-09-11,Bengaluru
ACC0336,Savings,2022-09-06,Kochi
ACC0337,Savings,2021-08-18,Hyderabad
ACC0338,Savings,2024-02-02,Mumbai
ACC0339,Savings,2022-08-10,Delhi
ACC0340,Savings,2021-10-01,Mumbai
ACC0341,Wallet,2024-01-18,Kochi
ACC0342,Wallet,2023-01-30,Kolkata
ACC0343,Wallet,2021-05-19,Hyderabad
ACC0344,Current,2022-08-13,Kochi
ACC0345,Savings,2021-11-15,Kochi
ACC0346,Savings,2022-04-09,Pune
ACC0347,Savings,2024-06-02,Pune
ACC0348,Wallet,2026-03-30,Pune
ACC0349,Current,2021-02-26,Chennai
ACC0350,Current,2025-11-20,Kolkata
ACC0351,Savings,2024-02-07,Kolkata
ACC0352,Savings,2024-11-05,Chennai
ACC0353,Wallet,2023-01-12,Mumbai
ACC0354,Current,2024-10-17,Delhi
ACC0355,Current,2022-05-22,Mumbai
ACC0356,Wallet,2025-11-11,Hyderabad
ACC0357,Wallet,2023-11-19,Kochi
ACC0358,Savings,2023-03-07,Pune
ACC0359,Savings,2025-02-27,Mumbai
ACC0360,Savings,2023-09-19,Mumbai
ACC0361,Savings,2022-03-08,Mumbai
ACC0362,Savings,2021-05-03,Kochi
ACC0363,Current,2024-05-21,Delhi
ACC0364,Current,2025-07-15,Kochi
ACC0365,Current,2026-04-19,Delhi
ACC0366,Current,2023-03-05,Kochi
ACC0367,Savings,2025-08-28,Chennai
ACC0368,Current,2023-07-15,Delhi
ACC0369,Wallet,2023-02-18,Bengaluru
ACC0370,Current,2024-03-06,Kolkata
ACC0371,Wallet,2024-10-01,Mumbai
ACC0372,Savings,2021-04-28,Delhi
ACC0373,Savings,2024-03-24,Kolkata
ACC0374,Savings,2025-03-11,Pune
ACC0375,Savings,2026-03-25,Kolkata
ACC0376,Wallet,2023-09-09,Kolkata
ACC0377,Current,2022-02-26,Mumbai
ACC0378,Savings,2023-08-04,Kochi
ACC0379,Savings,2025-04-30,Chennai
ACC0380,Current,2022-08-30,Bengaluru
ACC0381,Savings,2025-03-16,Mumbai
ACC0382,Savings,2022-05-14,Mumbai
ACC0383,Savings,2024-11-10,Hyderabad
ACC0384,Savings,2025-03-09,Delhi
ACC0385,Current,2023-06-12,Chennai
ACC0386,Savings,2024-08-26,Pune
ACC0387,Savings,2022-10-07,Kolkata
ACC0388,Wallet,2026-01-06,Delhi
ACC0389,Savings,2023-01-10,Kochi
ACC0390,Savings,2021-12-17,Bengaluru
ACC0391,Savings,2022-01-01,Mumbai
ACC0392,Wallet,2024-12-24,Chennai
ACC0393,Wallet,2021-12-10,Kolkata
ACC0394,Wallet,2021-07-07,Kolkata
ACC0395,Wallet,2025-11-27,Pune
ACC0396,Wallet,2025-04-15,Delhi
ACC0397,Savings,2021-04-29,Kochi
ACC0398,Savings,2022-08-07,Kolkata
ACC0399,Current,2023-09-09,Hyderabad
ACC0400,Savings,2021-02-18,Mumbai
ACC0401,Savings,2022-08-12,Chennai
ACC0402,Savings,2021-11-29,Bengaluru
ACC0403,Savings,2025-09-04,Kolkata
ACC0404,Savings,2022-08-30,Kochi
ACC0405,Savings,2023-01-08,Mumbai
ACC0406,Savings,2024-07-30,Kolkata
ACC0407,Savings,2023-02-06,Delhi
ACC0408,Current,2026-03-17,Mumbai
ACC0409,Wallet,2025-10-24,Kolkata
ACC0410,Wallet,2024-01-09,Kolkata
ACC0411,Savings,2023-12-31,Bengaluru
ACC0412,Current,2023-01-31,Delhi
ACC0413,Wallet,2025-09-26,Kolkata
ACC0414,Wallet,2022-08-11,Bengaluru
ACC0415,Savings,2026-04-30,Chennai
ACC0416,Current,2024-09-04,Chennai
ACC0417,Savings,2021-04-28,Hyderabad
ACC0418,Savings,2025-08-12,Chennai
ACC0419,Current,2024-03-10,Kochi
ACC0420,Savings,2024-02-12,Delhi
ACC0421,Wallet,2025-12-11,Kochi
ACC0422,Savings,2022-11-30,Bengaluru
ACC0423,Savings,2022-07-21,Kolkata
ACC0424,Savings,2024-02-17,Pune
ACC0425,Current,2026-05-19,Pune
ACC0426,Current,2026-01-07,Bengaluru
ACC0427,Savings,2024-03-02,Kochi
ACC0428,Wallet,2025-06-23,Kochi
ACC0429,Current,2025-04-18,Kolkata
ACC0430,Savings,2021-10-03,Mumbai
ACC0431,Savings,2022-11-09,Mumbai
ACC0432,Savings,2022-07-28,Pune
ACC0433,Savings,2024-12-17,Hyderabad
ACC0434,Savings,2021-10-05,Hyderabad
ACC0435,Savings,2022-11-23,Kochi
ACC0436,Savings,2023-06-25,Mumbai
ACC0437,Wallet,2022-11-20,Bengaluru
ACC0438,Wallet,2025-06-22,Kochi
ACC0439,Savings,2024-11-24,Hyderabad
ACC0440,Wallet,2025-09-15,Mumbai
ACC0441,Savings,2022-05-09,Mumbai
ACC0442,Current,2023-01-05,Bengaluru
ACC0443,Savings,2026-05-12,Chennai
ACC0444,Wallet,2021-12-02,Pune
ACC0445,Savings,2021-05-05,Pune
ACC0446,Current,2021-10-18,Kochi
ACC0447,Savings,2023-07-22,Hyderabad
ACC0448,Savings,2022-08-12,Bengaluru
ACC0449,Wallet,2025-12-14,Chennai
ACC0450,Current,2023-01-07,Chennai
ACC0451,Merchant,2025-09-12,Chennai
ACC0452,Merchant,2025-08-31,Hyderabad
ACC0453,Merchant,2026-04-13,Mumbai
ACC0454,Merchant,2023-03-27,Kolkata
ACC0455,Merchant,2025-10-26,Kolkata
ACC0456,Merchant,2023-08-13,Mumbai
ACC0457,Merchant,2023-03-04,Hyderabad
ACC0458,Merchant,2021-03-18,Pune
ACC0459,Merchant,2023-11-13,Pune
ACC0460,Merchant,2022-01-22,Kolkata
ACC0461,Merchant,2026-02-26,Pune
ACC0462,Merchant,2025-05-01,Kochi
ACC0463,Merchant,2022-05-13,Kolkata
ACC0464,Merchant,2021-12-21,Delhi
ACC0465,Merchant,2024-08-17,Delhi
ACC0466,Merchant,2022-03-05,Kochi
ACC0467,Merchant,2024-04-30,Kochi
ACC0468,Merchant,2025-08-15,Mumbai
ACC0469,Merchant,2022-01-05,Chennai
ACC0470,Merchant,2024-04-18,Kolkata
ACC0471,Merchant,2024-12-10,Bengaluru
ACC0472,Merchant,2024-01-21,Delhi
ACC0473,Merchant,2021-02-18,Hyderabad
ACC0474,Merchant,2023-11-06,Bengaluru
ACC0475,Merchant,2024-12-17,Kolkata
ACC0476,Merchant,2026-05-06,Hyderabad
ACC0477,Merchant,2021-07-03,Mumbai
ACC0478,Merchant,2021-06-27,Chennai
ACC0479,Merchant,2025-03-09,Delhi
ACC0480,Merchant,2023-03-17,Bengaluru
ACC0481,Merchant,2025-01-06,Delhi
ACC0482,Merchant,2021-11-18,Bengaluru
ACC0483,Merchant,2021-12-01,Bengaluru
ACC0484,Merchant,2024-06-07,Kolkata
ACC0485,Merchant,2022-09-30,Mumbai
ACC0486,Merchant,2023-05-02,Kochi
ACC0487,Merchant,2024-02-01,Kochi
ACC0488,Merchant,2025-03-11,Kolkata
ACC0489,Merchant,2022-08-18,Chennai
ACC0490,Merchant,2025-03-04,Kolkata
ACC0491,Merchant,2022-03-31,Mumbai
ACC0492,Merchant,2024-09-11,Kolkata
ACC0493,Merchant,2025-05-25,Kolkata
ACC0494,Merchant,2024-10-17,Kolkata
ACC0495,Merchant,2021-07-06,Kochi
ACC0496,Merchant,2024-01-16,Mumbai
ACC0497,Merchant,2021-08-27,Chennai
ACC0498,Merchant,2024-12-04,Hyderabad
ACC0499,Merchant,2023-01-12,Kochi
ACC0500,Merchant,2023-04-24,Kolkata
ACC0501,Savings,2025-06-25,Kolkata
ACC0502,Current,2024-06-22,Bengaluru
ACC0503,Savings,2023-05-05,Chennai
ACC0504,Wallet,2024-05-06,Chennai
ACC0505,Savings,2025-08-06,Kolkata
ACC0506,Savings,2021-02-18,Pune
ACC0507,Savings,2024-09-05,Kolkata
ACC0508,Current,2024-06-04,Kochi
ACC0509,Current,2024-04-08,Kolkata
ACC0510,Current,2021-09-21,Pune
ACC0511,Wallet,2021-08-30,Kochi
ACC0512,Wallet,2023-03-09,Kolkata
ACC0513,Savings,2024-12-30,Delhi
ACC0514,Savings,2023-01-21,Kochi
ACC0515,Savings,2025-01-11,Chennai
ACC0516,Current,2022-08-08,Bengaluru
ACC0517,Current,2023-04-14,Bengaluru
ACC0518,Current,2022-03-04,Chennai
ACC0519,Savings,2025-07-21,Chennai
ACC0520,Wallet,2025-01-15,Mumbai
ACC0521,Wallet,2025-03-07,Pune
ACC0522,Wallet,2021-12-22,Bengaluru
ACC0523,Wallet,2021-07-15,Kochi
ACC0524,Savings,2024-07-16,Hyderabad
ACC0525,Savings,2026-05-28,Kochi
ACC0526,Savings,2021-05-08,Chennai
ACC0527,Savings,2021-07-07,Hyderabad
ACC0528,Savings,2025-07-14,Hyderabad
ACC0529,Savings,2025-08-20,Chennai
ACC0530,Current,2021-08-31,Kolkata
ACC0531,Wallet,2023-07-27,Bengaluru
ACC0532,Savings,2024-04-16,Kochi
ACC0533,Savings,2025-07-22,Bengaluru
ACC0534,Savings,2022-03-09,Kochi
ACC0535,Current,2025-08-23,Pune
ACC0536,Current,2021-03-25,Delhi
ACC0537,Savings,2022-10-29,Chennai
ACC0538,Wallet,2022-07-17,Hyderabad
ACC0539,Savings,2026-05-19,Hyderabad
ACC0540,Savings,2025-02-07,Pune
ACC0541,Savings,2025-09-18,Mumbai
ACC0542,Current,2023-01-31,Hyderabad
ACC0543,Savings,2024-01-27,Bengaluru
ACC0544,Current,2025-10-19,Chennai
ACC0545,Savings,2022-08-30,Kochi
ACC0546,Wallet,2023-08-08,Kochi
ACC0547,Savings,2021-09-13,Chennai
ACC0548,Savings,2025-07-24,Mumbai
ACC0549,Current,2021-11-06,Bengaluru
ACC0550,Current,2022-12-22,Kolkata
ACC0551,Current,2026-01-26,Delhi
ACC0552,Savings,2026-02-24,Pune
ACC0553,Wallet,2022-01-21,Delhi
ACC0554,Wallet,2021-07-04,Bengaluru
ACC0555,Savings,2022-02-08,Kolkata
ACC0556,Savings,2021-04-06,Bengaluru
ACC0557,Savings,2024-09-30,Chennai
ACC0558,Wallet,2025-07-01,Kochi
ACC0559,Savings,2023-07-20,Chennai
ACC0560,Current,2021-10-22,Pune
ACC0561,Wallet,2021-04-26,Bengaluru
ACC0562,Savings,2021-10-30,Chennai
ACC0563,Savings,2024-08-28,Pune
ACC0564,Savings,2021-10-16,Pune
ACC0565,Savings,2025-03-23,Kochi
ACC0566,Wallet,2025-08-16,Pune
ACC0567,Current,2021-12-19,Kolkata
ACC0568,Savings,2021-03-27,Kochi
ACC0569,Current,2022-07-25,Delhi
ACC0570,Current,2021-02-12,Hyderabad
ACC0571,Savings,2024-03-31,Kolkata
ACC0572,Wallet,2025-02-12,Hyderabad
ACC0573,Current,2022-04-27,Kochi
ACC0574,Savings,2025-06-28,Pune
ACC0575,Savings,2025-01-18,Mumbai
ACC0576,Current,2025-02-01,Bengaluru
ACC0577,Savings,2026-01-26,Hyderabad
ACC0578,Savings,2023-05-24,Kochi
ACC0579,Wallet,2025-04-04,Pune
ACC0580,Current,2023-12-05,Pune
